,Title,Text,Author,Author Karma,Date,Seconds Ago,Flair,ID,Upvotes,Upvote Ratio,Title Sentiment,Text Sentiment,Overall Sentiment,Importance,Scaled Importance,Upvote Polarity,Polarity
0,DeepFuckingValue Perspective from July 2020 (-60k) to today,,Gagnooo,7818,1611501274.0,23781.16245508194,Gain,l415gc,6065,0.99,0.0,0.0,0.0,48.92270263460333,100.0,0.9647316433873815,0.0
1,"Predictions for GME, the GME squeeze and immediate future state of WSB","Hello retards, 


&nbsp;



&nbsp;&nbsp;&nbsp;&nbsp;
This is my first long post on WSB and I'm here to give you some predictions on what will happen now, after GME, and the state of WSB after GME. Also I'm extremely bored being the weekend and all.

&nbsp;&nbsp;&nbsp;&nbsp;
Also, this is the first essay that I've written since my master's thesis.
I know you can't read for shit but I just have to get this off my chest and hopefully save you some money.

&nbsp;&nbsp;&nbsp;&nbsp;
To the new influx of people here - **THIS ABSOLUTELY CONCERNS YOU TOO!!!** There will be no **TL;DR** nor a **TL;CR**. If you can't read or don't want to read, here's a üöÄ. Go fuck yourself.


# I. What happens now with GME?

&nbsp;&nbsp;&nbsp;&nbsp;First of all some background on me and then we'll get to the good stuff: Software engineer at a very big company, ex-CTO in 2 failed startups.
One of the startups failed miserably and the other obtained 500k in VC funding and then failed miserably.

&nbsp;


&nbsp;&nbsp;&nbsp;&nbsp;I don't believe in short squeezes as an investing framework. Short squeezes are price actions where one side gets the stick and the other gets the carrot. The problem is that, more likely than not, the side that gets the stick is also the side that's right.

&nbsp;&nbsp;&nbsp;&nbsp;Shitron, in his shitty video, although he was wrong 90% of the way, he was right in one instance: There is a reason why short interest is high in a security - the business is failing or expected to fail.
Now ask yourself this: do you want to put money on the line in the hopes of someone, although that someone is right, gets margin called, then his margin call triggers other margin calls, and you somehow sell at the top and not left hanging with heavy bags worth nothing? Fuck me that's retarded beyond any autism spectrum. 
If you 'invest' in short squeezes you deserve to lose it all or, if you orchestrated it, go to jail like that Martin Skreli guy.

&nbsp;&nbsp;&nbsp;&nbsp;GME will get to high triple digits sooner or later thanks to the small amount of float, low total number of shares, and current low market cap - so this isn't done yet! 
The increase is not because of a price action, it's because Cohen took over, he's serious about digital transformation, omnichannel, has cash and most importantly has a good management team backing him up.
The guys that are shorting need to get out, not because they will get margin called, but because they are wrong.

&nbsp;&nbsp;&nbsp;&nbsp;There are some pretty good DDs out there and won't go through them as you should start using google / reddit search to feed your confirmation bias. 
The only DD that caught my eye is the VC funding one, which is why I told you my background:
https://www.reddit.com/r/wallstreetbets/comments/l0yzb5/a_venture_capital_perspective_on_gme/

&nbsp;&nbsp;&nbsp;&nbsp;If you haven't read it, go read it - it's good - it's also a painful trip down on memory lane from the time when I was talking to VCs, clients and investors. I firmly believe that the guy is right and this is a very possible future of GME.

&nbsp;

&nbsp;&nbsp;&nbsp;&nbsp;Now, the other hand, GME as a business doesn't want to squeeze & be known for a pump and dump. 

**Why?** 

- Because they have a business to run and not some elaborate scam; 
- GME wants to grow organically but cannot do so with this amount of short interest so they most likely will bail the shorts out at some point; 
- Who here don't like **free money**?;
- Their bottom line matters. They want to have the capital to pay down high-interest rate debts and they also want to have money to start investing in growth.


**When?**

&nbsp;&nbsp;&nbsp;&nbsp; Fuck me if I know. If I knew I'd be a freaking billionaire not ranting on the internet.

&nbsp;

&nbsp;&nbsp;&nbsp;&nbsp;I think there's a scenario where this doesn't squeeze at all and the price increases instantly, then GME issues shares, then from that point forward the growth story begins. Be ready for this scenario and temper your expectations accordingly.

&nbsp;&nbsp;&nbsp;&nbsp;To sum up on GME there are 2 very possible scenarios that I see in the near future: 

1. GME will squeeze hard and reach high triple digits soon, go back down hard and then growth begins;
2. GME will issue shares, bail out the shorts, pay down its debt and then have free-fuel to rocket into that 50B valuation.

&nbsp;&nbsp;&nbsp;&nbsp;Either way, be prepared to hold for a few years if the 2nd scenario comes to fruition or get back in after the squeeze and hold for a few years.


# II. What happens after GME?

&nbsp;&nbsp;&nbsp;&nbsp; A lot of you are going to have money available. **A LOT OF MONEY**, by your standards. A lot of you small fish, smooth brained, extra chromosomal, autistic retards are going to want **MORE!!!** 
The truth is, you got lucky, this is one in a decade event, there is no next GME. Keep in mind that the best funds out there make 20% per year. In the long run, you will do worse!


&nbsp;&nbsp;&nbsp;&nbsp; Another thing that we should get out of the way: WSB is NOT a pump and dump sub-reddit where someone posts some DD and then everyone else puts money in. That's stupid, that's not how investing works, that's not what this sub is about. To top it all, we don't have the capital to have any meaningful impact on the market. But, but, but...shut up, nobody is going to pump some worthless piece of shit so you can get out.

&nbsp;

&nbsp;&nbsp;&nbsp;&nbsp;There's a very good post on how to identify a pump and dump here: https://www.reddit.com/r/wallstreetbets/comments/jdvfok/the_anatomy_of_a_wsb_pump_and_dump/

&nbsp;

&nbsp;&nbsp;&nbsp;&nbsp;Read that motherfucker like it's your bible. Better yet, fuck the bible, fuck Jesus, fuck Buddha and fuck whatever else you fucks worship. That post needs to be printed on paper, laminated, by your bedside, indexed per line and when someone says [4:23] you'd better know the word at that location.

&nbsp;

&nbsp;&nbsp;&nbsp;&nbsp;My GME average is somewhere around $16 per share, quite high by some standards, but that's because I didn't believe in the original thesis, I didn't know when Cohen would get serious and quite frankly, from my perspective, before October, the conditions just weren't there for me to risk money on this. I spent 100 hours+ researching GME before I put a dollar in. I only put money in when I was knowledgeable enough to risk it. You fucks need to do the same.

&nbsp;&nbsp;&nbsp;&nbsp;

&nbsp;&nbsp;&nbsp;&nbsp;WSB is a corner near the ghetto-supermarket where drug dealers, hookers, retards and currency traders meet up to share ideas. If you new retards don't believe me, search for a dude named Variation Separate (or something like that) and the red river of loss that followed. Some of the guys here will have had an episode of PTDS after reading that name, You fuckers need to understand that there are some shady people here, that will sound smart, be smart and are after **YOUR HARD EARNED CASH**. Even if they aren't after your money, they can still be dead wrong.

&nbsp;&nbsp;&nbsp;&nbsp;Someone will post a TA chart, filled with crayons, support lines, MACDs and all sorts of math equations and you retards will go all in thinking - this is the big one - here comes the money train - choo choo! Yeah the train is here, but you are on the tracks!

&nbsp;&nbsp;&nbsp;&nbsp;So for new traders, old traders and everyone else here, when investing, I have the following pieces of advice for you:

- do well at your job and earn risk-free money;
- stick to what you know - aka the business segment you're currently employed in. You will most likely beat **MOST IF NOT ALL** analysts, because you have more intimate day-to-day knowledge;
- if you decide to invest in something else than your current expertise, like gourds or GME, do the research, read 10Ks Qs, S1s, 13Fs, 13Ds, form 4s etc. READ READ READ and get it through your thick skull that nobody else here is going to do it for you;
- learn to spot bullshit!

### Did you play GME?
&nbsp;&nbsp;&nbsp;&nbsp;Well done, you are winning. 

&nbsp;&nbsp;&nbsp;&nbsp;Be humble, be smart with your money and most importantly, when this is done, take some god damn time off the market maybe even time off work and relax! I know I will. You will have deserved it.

### You didn't play GME?
&nbsp;&nbsp;&nbsp;&nbsp;Sucks, but you have an opportunity to learn. Learn why the trade happened, learn the conditions that lead to this trade. This will happen again 10-20 years from now in another context, something will be different but you'll be able to spot it. 

&nbsp;&nbsp;&nbsp;&nbsp;

# III. The state of WSB after GME

&nbsp;&nbsp;&nbsp;&nbsp;

&nbsp;&nbsp;&nbsp;&nbsp;Re-read the previous segment. I think Pumps and dumps and next GMEs will be rampant.


&nbsp;&nbsp;&nbsp;&nbsp;We'll also see 3 main categories joining:

1. Noobs. You new retards will do well here and lose a lot of money;
2. Hedge fund chads. These guys will start reading through the shit here and try to find ways to fuck you, your wife and your wife's boyfriend. Get ready for pegging if you don't start reading; 
3. Pump and dump scalping sharks. These guys will try to trick you into a pump and dump scheme on a company nobody ever heard of and take your money. It's your own god damn fault for pressing buy/sell so act accordingly.

&nbsp;&nbsp;&nbsp;&nbsp;This is not financial advice! Compulsory GME diamond rockets at the end.

üíéüöÄüíéüöÄüíéüöÄüíéüöÄüíéüöÄüíéüöÄüíéüöÄüíéüöÄüíéüöÄüíéüöÄüíéüöÄüíéüöÄüíéüöÄüíéüöÄüíéüöÄ


&nbsp;&nbsp;&nbsp;&nbsp;

&nbsp;&nbsp;&nbsp;&nbsp;English is not my native language so if you are here to correct grammar, fuck you!",HempInvader,17799,1611502846.0,22209.408861398697,Discussion,l41n33,1576,0.89,0.0,-0.9842,-0.9842,45.151811993558674,92.292,0.5718060678259762,-0.5627715319543257
2,Benzinga claims PLTR is running solely because of us.,"Here is a quote from a Benzinga article released Friday, ""PLTR shares are trading higher on above-average volume amid continued volatility in the name stemming from increased popularity amongst traders on Reddit's Wall Street Bets community."" 

This is one of the most concise points made in an article I've read in a while, and they simply don't list any of the other catalysts for the stock. No mention of Cathie Woods accumulating shares, no mention of demo day on the horizon. No mention of the float structure and Mithril potentially buying the locked up shares. 

Seriously, who writes this stuff? It's almost like the chief editors of every financial publication agency are telling people to only write about WSB. This is really weird and it gives me the heebie jeebies. How can someone claiming to be a professional financial publication simply omits so many key facts about PLTR? Stuff seems borderline criminal. Anyone reading their article to get investment advice or info on PLTR got literally nothing. All they get is go check out r/wallstreetbets. Who the fuck is paying these writers?",domingolin,3798,1611507208.0,17847.623626947403,Discussion,l431h4,776,0.97,-0.4588,-0.8868,-1.3456000000000001,34.37006625427822,70.254,0.892469222382502,-1.2009065856378949
3,"For every dollar that is made here, two dollars are lost","This sub is incredible. There are incredible ideas and ideas that are so dumb that a monkey throwing darts would pick better stocks (oops). Fortunately, or unfortunately, it seems both types of ideas can make you money. 

To the people buying travel stock during a global pandemic when airliners are flying at 20% capacity (or less) or Hertz... it‚Äôs gambling. I support people doing what they want with their money, but following blind idiots who are maxing a credit card for a trade is fucking moronic. At times, it‚Äôs like watching a retiree throw away hundreds of dollars a day at a slot machine. 

I believe for every dollar made here, two dollars are lost. Seeing someone, such as DFV, make $11m off $50k is the greatest advertisement ever. Many will see it and ask, how did he do it? They will ‚Äúlearn,‚Äù aka have no fucking idea, what an option is and proceed to lose thousands with the hope of making millions and quitting their job all while simultaneously getting revenge on their wife‚Äôs boyfriend. 

Again, there is great advice here and truly smart people. There are also addicts who will say anything about a stock because they own $100 in an option. I‚Äôve messaged with people who didn‚Äôt know the difference between a put and a call while holding 5+ figures of contracts and making less than $20 an hour. 

My message? Please throw amounts of money at ideas that you‚Äôre willing to walk away from. Do not jeopardize your retirement, wife‚Äôs boyfriend‚Äôs new boat, or your children‚Äôs education on a DD from some 16 year old who has $50 in Victoria secret because boobs are getting bigger. On the other side of these trades there are likely people with drones monitoring Victoria secret factories and how many kids walk in and out of the manufacturing plant a day.",Huckleberry_Ginn,36587,1611512194.0,12861.82931637764,Discussion,l44nrx,565,0.89,-0.4588,0.6564,0.1976,41.730064039918254,85.298,0.5718060678259762,0.1129888790024129
4,Holding strong. Will I be a millionaire? üöÄüöÄüöÄ,,way2boredatwork,3213,1611499210.0,25846.042710781097,Gain,l40me2,963,0.96,0.4588,0.0,0.4588,34.763617934430115,71.058,0.8553876799929501,0.3924518675807655
5,"$BB will moon in the short term, but not because of fundamentals.","As all you BBheads knows, the QNX is BlackBerrys flagship product. A software for your car that makes it smarter than all you retards in this community combined. They make alot of other products and has historically been very innovative products (yes maybe not when mr stevey jobs smashed it with the smartphone). But all of that does not really matter.

 What matters now is the WSB megamainstream storm that we are currently in and will be after the gme squeeze is over (which its not, it just got the start signal last friday). But look at this now, GME was thought to be a blockbuster company but hardcore WSBers did their homework and unleashed the massive autist attack. WSB saw a big increase in traders during 2020, globally we went from roughly 4-5% retail traders to a staggering 20% in 2020. 

We are getting unprecedented attention, they see us as the community that revived a dying brick and mortar retailer and surged the stock price. The same goes for $BB. The company was seen as a dying one when they couldn't keep up with their competitors in the phone game. They have completely changed and with this GME thing, people will jump on the rocket ship like never before since $BB has garnered huge attention in the mists of  the GME play. New hoards of people are lurking in this subreddit trying to find our next play. If you like money this train has not even left the station yet and the price is still a steal.


EDIT: I am not a financial advisor. I'm saying that I personally would be in at the current price to see how it plays out. Buy at your own risk.",specspecspec,669,1611511264.0,13792.272021532059,DD,l44d6y,487,0.93,0.0,0.8941,0.8941,25.23313852447445,51.578,0.7396722907087352,0.6613409951226802
6,What Everyone is Getting Wrong About GME,"WSB Controls GME Sentiment, not the Price.

&#x200B;

Long read here but there is analogy using the Magic School bus so........yeah.

TL:DR: at bottom.

I've seen far too many people on this sub, Stinktwits, Tweeter, CNBC, WSJ, Barron's etc. incorrectly state that WSB is controlling GME.  We have not, nor will we ever be in control of GME.  Simply put, our \~5% ownership isn't enough to push the price around.  As much as you retards, and the retard(s) on CNBC, and the retards on print media WANT everyone to believe it, its just not true so I wanted to clarify a few things going forward.

First, the media, Shitron, and others are trying to paint WSB as a collective or a whole entity, and NOT as a group of individuals.  This claim is baseless, and has been mentioned here before but of course that won't stop them.  If in fact we were a collective, that would set a dangerous precedent and we would almost certainly be shut down.  Think of like Pirate Bay. If one person illegally uploads a movie that person is in violation of the law, but if 10000 people upload a couple seconds of said movie, and those pieces are stitched together it becomes a lot harder to make it illegal.

The story of GME began much like M. Burry's big short began - someone looked!  That person was r/DeepFuckingValue (and M. Burry, himself).  Let's use the Magic School Bus as an example. DFV is played by Ms. Frizzle. Here she comes around the bend in her little short bus on route to pick you mini autists up, but when she opens the door to the bus no one gets on!  Ms. Frizzle is not discouraged, so she wrangles you retards up and throws you on the bus.  Off you go on the adventure of your life, launching into the stratosphere to discover a new planet further than the Moon and Mars. You name this newly found planet Valhalla.  When you return you can't stop telling people about your trip!

This is where we get to my point.  We are in control of the SENTIMENT surrounding GME, not the price.   You little autists have seen valhalla already, and can't stop telling others about how magical it is. Soon enough, other autists want to ride the short bus out to Valhalla, and so they buy their tickets (stonks) and then they tell their friends etc etc.  Take Tesla for example (with a P/E of 1700), does that stop the ~~retards~~ geniuses from buying?

This is what we are doing to GME.  We didn't push our weight around as WSB and somehow, singlehandedly destroy the shorts.  No, retail just doesn't have that kind of power (hence why its B.S the media is pushing the narrative...LOL though they sure know how to make an autist blush).  WSB somehow, SOMEHOW edgeukated enough people on the GME story about how undervalued they were, financially healthy they were, how shorted the stock was, Lord Cohen et al, etc, and the story took off.

You see? We are controlling the SENTIMENT around GME which in turn, is controlling the price.  Lets continue this going forward because its what got us to where we are.  If we really want this squeeze to happen there is going to have to be conviction on behalf of the buyers.  So go out there and edgeukate more people on the stock that everyone missed (apart from you DFV (xoxo) and Burry).

Make sure they know this ain't no pump and dump. Everyone gets caught up in the stonk price when they should be looking at market cap.  Sure, we hit the highest price last week, but not the highest  market cap GME has ever had. In reality, we've just recently corrected to the proper valuation GME should have been at all along (if it weren't for those greedy shorts!).

So next time you post about GME, make sure you remind people about the above points and the fact that  the squeeze hasn't squoze yet, and that RC and Reggie Fils Aime are now driving this short bus!

You keep the SENTIMENT high, the stonk price goes more uppies.

(someone add a rocket emoji...or perhaps a school bus?)

TL/DR:  WSB is controlling the SENTIMENT around GME, not the price.  


\*EDIT: Position:  557 glorious shares @ $20.21",wallstgod,2893,1611488490.0,36566.512598991394,Discussion,l3xy7m,1426,0.95,-0.4588,0.9337,0.4749,36.270672808930506,74.139,0.817603768177013,0.3882800295072634
7,Extremely extensive explanation of gamma squeeze and events that unfolded with GME stock on last Friday,,potatoandbiscuit,13811,1611494637.0,30419.75624036789,Discussion,l3zd56,967,0.96,0.0,0.0,0.0,41.06632678904596,83.941,0.8553876799929501,0.0
8,What is your realistic OUT strategy for GME?,"Don‚Äôt get me wrong, I got üíéüôåüèº with 2k of gme + 10k coming in hot on monday. üöÄ

I want to know what is your out strategy for when the actual squeeze happens. What is your expectation of the price?

Personnaly I have no idea what to do if it actually happens. Do I sell at 150? 250? 420.69? 1k? 

I actuallly hold 1k$ limit sell for my stocks.

btw: üçã = üåàüêªüóëüí©",seb_labine,17799,1611511847.0,13210.03322505951,Discussion,l44jaz,289,0.93,0.0,-0.7059,-0.7059,34.76784962960642,71.067,0.7396722907087352,-0.5221346700112961
9,$BB and $NOK II: Return of the 90s,"We all know the current situation with $BB and the massive üöÄ upwards penetration it‚Äôs about to make, well it makes a guy think...

What if the giants from the 90s make a comeback in a new field of technology? Their branding ALONE is STILL a very powerful tool - IF they play their cards right...

The huge neon sign that convinced me for $NOK for me was:

$NOK closed at $4.20 on Friday!

This alone is a sign from above and beyond ($BBBYüöÄ) and I am jerking off at the possibility to be in this massive hard-on about to happen!

I‚Äôm riding this rocket till my account has a min. of 40x üöÄü§öüíé‚úãüöÄ

TLDR: I‚Äôm stoned

Positions: GME $4k , BB $2.5k and as of Monday NOK $1k all shares. (Eurotrash no options)

EDIT: I edited my positions so the dude in the comments makes more sense when criticizing üëåüèª

EDIT 2: If anyone wants some real DD on the subject: 

https://www.reddit.com/r/wallstreetbets/comments/l08brv/nokia_go_big/?utm_source=share&utm_medium=ios_app&utm_name=iossmf",tiejcsi,3116,1611517487.0,7570.255252122879,Discussion,l4671h,207,0.93,0.0,0.3696,0.3696,26.90223655548005,54.989,0.7396722907087352,0.2733828786459485
10,What is the GME counterplay we might see from big boy investment firms this week?,"Am broke and only have like $500 to invest Monday, but have been worried seeing everyone dump money into GME. I feel like huge investment firms like Melvin aren‚Äôt going to just sit around and lose billions. What‚Äôs their legitimate counterplay/what might should we watch out for in the coming days?

disclaimer: not investing competent just play a lot of fighting games and am curious about the meta",Hozokauh,1302,1611517028.0,8029.448283910751,Discussion,l460tg,179,0.93,0.0,-0.675,-0.675,23.334207946082216,47.696,0.7396722907087352,-0.49927879622839627
11,GME gains szsn,,gmeautist,1189,1611490379.0,34678.65814900398,Gain,l3yd1p,536,0.96,0.4588,0.0,0.4588,27.88814240402088,57.005,0.8553876799929501,0.3924518675807655
12,"What‚Äôs with the Media and Analysts saying we are the sole reason for PLTR, BB and GME outbreak?","I believe the bullish case was supposed to happen anyway and we just had a market sentiment as a discussion collective. 

How can us - the below average broke kids with baseless DD‚Äôs - make bets worth billions?

One thing I can say because I know is at least we confused and made the pointless short-sellers get back to work on and cry like us when they were winning. üòÖ",gangodu,153,1611510133.0,14924.873518705368,Discussion,l43zq4,197,0.96,0.0,-0.3612,-0.3612,16.66779003053944,34.07,0.8553876799929501,-0.3089660300134536
13,Buying Shares with Margin Accounts Doesn't Starve Shorts,"Lots of new people here who may not understand how brokerage accounts work. If you have a margin account, meaning you get instant deposit, instant settlement and you can only make a certain amount of of daytrades if you are under the 25k PDT limit, you signed up for a margin account.


Margin accounts let you trade with borrowed funds while your transactions settle, as opposed to a cash account in which you exclusively use your own funds to make transactions and have to wait a few days for them to clear before your funds are available again.


When you signed up for a margin account, you agreed that your holdings aren't necessarily directly yours. Instead, your holdings are held in your broker's margin pool which they lend out to other brokers and institutions while essentially writing you an IOU for your portion of the pool until you decide to transact again. The shares you bought are being lent out to others and the broker is collecting the interest in the meantime until you sell your holdings. This is one way brokers such as Robinhood and TDA make money.


The good news is the price action you're seeing right now is happening regardless of all of this. The bad news is buying and holding shares is probably allowing shorts to average down positions.

This info is in the margin account terms of service/customer agreement and RH has direct documentation saying they are lending your securities:

https://robinhood.com/us/en/support/articles/how-robinhood-makes-money/

https://cdn.robinhood.com/assets/robinhood/legal/Customer%20Agreement.pdf",LehmanParty,15396,1611518991.0,6067.079565048218,Discussion,l46kei,117,0.92,0.5583,0.9586,1.5169000000000001,28.820433894451433,58.91,0.6993681904144293,1.0608716080396479
14,"Im posting my gains as show of support for GME. BOUGHT A COUPLE SHARES ON FRIDAY. HOLD YOU DEGENS, TO VALHALLA!!",,tsa004,3037,1611499394.0,25664.31030678749,Gain,l40od3,280,0.95,0.8488,0.0,0.8488,28.32769057409622,57.903,0.817603768177013,0.6939820784286486
15,Stop placing your limit sells already,"Fellow autists,

We are currently part of the history while riding the GME squeeze üöÄüöÄüöÄüöÄüöÄüöÄ
And we all know we want it to be as beautiful as this company deserve. 

However, I see all the day people saying that they put limit sells at 100$, 420.69$ or more recently 1000$. 
If everybody do this, it will absolutely crush all the potential of this one in a lifetime squeeze. 

As said in previous posts, the shorts CAN‚ÄôT BUY BACK all the shares they shorted. This means that WE decide at which price we are going to sell them our shares. And as far as I know there are no more reason for it to be 1000$ than 1000000$ üöÄüöÄüöÄüöÄüöÄüöÄüöÄüöÄ

If everybody agrees already to put limit sells at 1000$ we can be pretty sure that the price will never really go much further. 

And it would be much more interesting to see how far this whole shit can go 

Sleep well tonight guys it‚Äôs going to be one hell of a week

Positions : 166@21 üöÄüöÄüöÄüöÄüöÄüöÄ",Floboobs,117,1611524051.0,1007.5152277946472,Discussion,l487hs,65,0.92,-0.296,0.7003,0.40430000000000005,12.500930460478795,25.552,0.6993681904144293,0.2827545593845538
16,PSA: Simplified Facts For New Retards,"Fellow tardsickles and autismos, lend me your smoothbrains. I'm here to post a few simple factoids that (gay) bear repeating. Thousands of retards are a-joining every day, and üåà üêªs are trying on their green strap-ons out for size. (Who knew conversion therapy lay within videogame stores?) 

Also, earlier posts used a lot of $10-words and I know most of you can‚Äôt read, let alone add. But remember, this isn't investment advice, it's simply a reminder of the basic scenario for those of you who don't understand/care to understand the technical aspects of this incredible scenario at hand. 

Edit: TL;DR: 

1. The short squeeze happens when the price rises beyond short sellers‚Äô ability to pay interest on borrowed shares, and outstanding shares are too scarce to continue shorting. 
2. If you are in team squoze, set limit orders at ridiculous levels so shares can‚Äôt be borrowed by shorts. 
3. Don‚Äôt use margin to buy calls unless you‚Äôre willing to sell everything you have, and you‚Äôre not helping the squeeze as much as buying shares. 
4. But buy calls because you‚Äôre still helping the squeeze. 

Positions: 20 shares @63 + 50 1/29 C

1. \*\*The short squeeze.\*\* This occurs when the price is driven too high for short sellers to maintain their positions. The interest expense becomes too high to maintain. At some point their brokers will perform a margin call. Long Story Short ‚Ñ¢  (which is the name of the book that I will write about this), this will force the shorts to buy shares. The short squeeze can only continue if buyers hold their shares and keep on buying. If you sell, you're limiting your potential along with other shareholders.  
2. \*\*Limit orders.\*\* By placing limit orders on your shares, market makers can't borrow them. However, you'd want to set these limits at absurd prices in case the price spikes really high and you miss out on further gains, plus the shares being available again. 
3. \*\*The gamma squeeze that got squoze on Friday.\*\* Why? Because the highest call strike being surpassed. Market makers must buy shares to hedge against short calls. For the sake of your chromosomes, don't worry about the technical aspects, only that this means market makers are now forced to drive up the price every time it hits the highest strike. While highly correlated with the short squeeze, it's not causal. It can only continue if the highest strike is met on a rolling basis. 
4. \*\*Using margin.\*\* I still see some of you late night chucklers talking about buying on margin. Buying on margin is borrowing, and large price drops may propel a margin call on YOU and the subsequent liquidation your other positions. Buying calls on margin might also not help the short squeeze get squoze, but smarter retards than me can correct me if I'm wrong.  
5. \*\*But but.\*\* This doesn‚Äôt mean you can't make money buying calls. Buy all means. 

For those looking to further the short squeeze, Rosie up that fucking Riveter. üöÄüöÄüöÄ Put simple for all you ass burgers, each time you press the buy button, Mr. Left‚Äôs pee pee huwties, while yours grows closer to that of your wife‚Äôs boyfriend‚Äôs.üöÄüöÄüöÄ

You know the cheesy little yellow crescent on the mobile above your retard-crib?  üåô  üåô  üåô  üåô  üåô   And how your nubby little tard hand can‚Äôt quite reach it while you lie there and giggle late into the night you fucking late night chucklers? Well that‚Äôs where you're going my little smartie tardies‚Äîif you use your extra chromosomes to buy $GME shares.

This ain‚Äôt a fuckin $GME no more. This is real. Fucking. Life.",Pizza_Bagel_,7566,1611522168.0,2890.7168157100677,Discussion,l47jll,73,0.97,0.0,0.8282,0.8282,24.085639630840774,49.232,0.892469222382502,0.7391430099771882
17,My DD on undervalued EV play $FSR (Same guy that brought you $FUBO & $WBA) üöÄüöÄüöÄ,"Hello fellow degenerates - 

**If you don‚Äôt know,** **I'm the guy that brought you the $WBA DD (Which went on to make all time highs after a week or so) & the $FUBO DD (after the short report when no one wanted it)‚Ä¶. Went on to do over 30% in a couple of days.** 

Before we get into my DD on this next play, I want to note the mods have given my other profile (Woodncrate) a ban for no reason whatsoever, so I am forced to post on this account. Judging by all the messages, you guys banked out big time on my last 3 plays & I couldn't resist bringing you more free tendies! 

Alright, back to my next play that you can catch **before** she BOOMS... $FSR. 

The entire EV sector has priced in 5-10 years of growth in current stock prices and IMO the only way for most of those to go is... Down. Fisker on the other hand has been a real laggard in one of the hottest sectors of 2020 & poised for a moon mission. This is one of the only quality EV companies that **hasn't** experienced this forward thinking price explosion. 

Currently trading at $14.80 $FSR is grossly undervalued. Median price targets set at $21, another high at $26 and I predict many more to come in the near future. I disagree with all of these PT‚Äôs and believe $FSR short-term PT is $30+ and long-term PT set north of $100. 

**Catalysts / Positive notes:** 

* 1 billion cash reserve arsenal for marketing & distribution
* Fisker Ocean will be built by **Magna Steyr** in Europe. (Magna rumored to be constructing Apple's new EV... This alone will send the stock in sympathy. Cathie Woods also been loading $MGA stock last couple of weeks - She always comes through for us! 
* 11,000 paid reservations thus far & growing rapidly. 
* Set to Reveal Production Ocean SUV at the Los Angeles Auto Show, May 2021
* (Proprietary Next Gen Driver Assistance) **Replacing Lidar**: Digital imaging radar! 1st to market in Fisker Ocean EV. Supporting higher levels of autonomy. This alone could send the stock to $100+ IMO. 
* From $37,499 before the $7,500 federal tax incentive! Affordable electric SUV arriving in 2022.
* From Barrons, **""Several EV stocks**¬†***Barron‚Äôs***¬†**tracks are up roughly 500% over the past year**. Fisker's time could be any minute IMO. 
* Cramer just tweeted at him to come back on the show, we all know how this goes lol

[Digital Imaging Radar provided by Fisker. Predicting this will be unveiled at the Los Angeles auto show in May. ](https://preview.redd.it/5afvhqh9kbd61.jpg?width=2048&format=pjpg&auto=webp&s=eae26212b6c15aeda922ace8e0e4b6ee7cb26cc5)

**Technicals:** 

[THE BIGGER THE BASE, THE HIGHER INTO SPACE. Defined risk now sits at the $14.24 level and first major target is the volume shelf resistance at $17.20. Two day close above this level could start the stare step up to all time highs. ](https://preview.redd.it/4hz5ypqulbd61.png?width=1900&format=png&auto=webp&s=b877917bcf20753c5187d126314d88d778727ec9)

**TL/DR** : **Fearful** when **others** are greedy, and greedy when **others are fearful**. You want a stock that hasn't already priced in years of growth through purely speculative investors and slapping ask algos?? Well Here. You. Go! **Buy shares of this stock. Do not buy options.** Market Makers do not like paying out on options on this stock. Load up on shares. This is an easy double IMO. üöÄüöÄüöÄüöÄüöÄüöÄ

**Positions or ban: 7,200 shares @ $11.99 avg in one account & 2,300 shares @ $11.43 in another. $112,617 total cost basis.** 

https://preview.redd.it/k2w0plsbpbd61.png?width=854&format=png&auto=webp&s=6da53b5a49285871feda5baad883582543d7b487",Massive-c943,119,1611513010.0,12048.93733048439,DD,l44xwf,102,0.89,0.34,0.9674,1.3074000000000001,13.878145851544682,28.367,0.5718060678259762,0.7475792530756814
18,The rise of retard/retail investors: A WSB saga,"I know you retards are probably thinking about the boner you will get seeing your GME gains tomorrow.

In past few days, I have seen backlash in media regarding Reddit investor. Also, I have seen some self-proclaimed financial advisors making posts in WSB or other forums. I have nothing against this. The point is clear ""Institutions are not particularly happy with the rise of retard investors"". 

Lets talk about market valuation. In my retarded option, it is arbitrary. It's not like Newton's third law which is valid  everywhere.  The arbitrary nature of market valuation has been  proven very well in 2020. An example: Tesla (WSB's favorite stock in 2020) was valued at **80B** or less a year ago. Now it‚Äôs valued at 800B. I am doing my PhD in Electrical Engineering. And, I understood the value in Tesla‚Äôs technology when I bought the stock in 2019. Not just me, my colleagues in other automakers did too. But, there was so much opposition from the so called analyst. Most of them called it overvalued in the prices in the beginning of 2020. I sold at the beginning of 2020 after I made 80% gain (paper hand I know). After seeing the rise of Tesla, I have become wary of listening to financial analyst on valuation of a company. Sure, retail investors don‚Äôt have the money to move the market unless in exceptional cases like GME, Tesla etc. Therefore, we have no choice but to follow the analyst.

It is true that institutions do have more data. But, I have to come to the conclusion that they are as clueless as the next person when it comes to valuation. Valuation in the market is more like **faith (**I am not religious). The valuation of a company is defined by what the big institutions believe it should be. It doesn‚Äôt matter what model you use for valuation or how deep your understanding of the underlying product/service/technology. 

These big institutions have a bunch of retard called Analyst. In most cases, these analyst are not necessarily expert in the technology they are evaluating e.g. Tesla. Their job is to form a compelling argument to justify their own price targets. Why? Because the firm they work for has most likely invested in the stock and want the price to move up. The same way, when they sell it or have taken profit, they down grade it to create the next entry point. So, these analyst are basically trying to manipulate the prices. And, they have been able to do that because they manage large amount of money.

Why the institution are angry now? The market volatility has increased. Look at valuations of stocks in 2020. What happened in 2020? COVID. Yes. Also, retail investors started influencing market and a lot of them stopped listening to financial analyst. Why is that bad? Because, big institutions have been controlling the market for decades. They were happy when retail investors just bought ETFs or mutual funds etc. and let the big guys control the market. 

The rise of WSB and retail investors coming together for a stock has created uncertainty in the market. There are narrative now that this has made the market irrational ( some guy posted this in one of the reddit forum). Total bullshit. Now, imagine how the bosses of these analyst feel, when they are sitting with shit load of data and telling they should not buy a stock because they think it should be valued at X. Then, comes a bunch of retards who buy OTM calls and cause gamma squeeze and price shoots up. It makes the analyst and the institution look like bunch of fools. If this trend continues, institution will loose their grip in the market and more people may choose to manage their own money instead of handing it to institutions. 

TLDR: Don't always believe analyst or people who claim they have X years of experience when it comes to valuation. Don't out rightly dismiss them either. So, if someone says GME should be valued at X, it does not mean they are right. Believe in your play. GME to moon  üöÄüöÄüöÄ. ü§ù ü§ù üíéüíé 

Mandatory disclaimer: I am a retard who has YOLOed his entire life savings in GME. Position : 2150 shares $45.",wanna_fuck_my_GF,3032,1611516767.0,8292.136020183563,Discussion,l45wwl,83,0.89,0.0,-0.9729,-0.9729,22.25631820712501,45.493,0.5718060678259762,-0.5563101233878922
19,A Closer Glance at Nokia,"Sup glue sniffers. I‚Äôve seen some Nokia thirst posts over the past couple weeks, and figured I‚Äôd look into the company. I used to have a windows phone, and while the OS was absolute shit, the phone itself was solid. NOK also ended trading at 4.20 on Friday so I figured why not look into it.  After briefly looking over the past couple quarterly reports, I‚Äôve found Nokia is as resilient as the phones it manufactures. Today I‚Äôm discussing the long term case for Nokia.

**DISCLAIMER:** I don‚Äôt get paid for this. I‚Äôm not a professional. I‚Äôm not giving financial advice. I won‚Äôt have a lot of pretty charts in this so just eat some fucking crayons like you normally do.

&#x200B;

**The Gossip**

As some of you less smooth-brained retards know, Nokia has been getting shat on from shareholder‚Äôs perspective over the past couple years. Seeing a few big dips in share price both in 2019 and 2020 (which I will explain later). It appears that a lot of traders have left the company by the wayside for corporations like Motorola (MSI) and Cisco (CSCO).

**I see you lookin‚Äô**

Investment Journalists have already been discussing speculative success for Nokia long-term.

Here are some examples:

[https://investorplace.com/2019/12/nokia-short-term-pain-clouding-long-term-future/](https://investorplace.com/2019/12/nokia-short-term-pain-clouding-long-term-future/)

[https://www.fool.com/investing/2020/07/12/where-will-nokia-be-in-5-years.aspx](https://www.fool.com/investing/2020/07/12/where-will-nokia-be-in-5-years.aspx) (I include this link also to provide context for the link posted right after this. It‚Äôs also a great example of how Motley fool is bullshit by playing both sides of the fence so it can claim credit for its ‚Äúpredictions‚Äù)

[https://www.rcrwireless.com/20210121/5g/nokia-china-mobile-trial-ai-powered-radio-access-live-5g-network](https://www.rcrwireless.com/20210121/5g/nokia-china-mobile-trial-ai-powered-radio-access-live-5g-network)

Want more linked articles supporting my claim? Google it retard. This is not your wife‚Äôs boyfriend‚Äôs PowerPoint presentation.

Another quick little read (I know it‚Äôs hard for you sweetie but hang in there) to provide context for my next point.

[https://finance.yahoo.com/news/cramer-shares-thoughts-nokia-intel-140851142.html](https://finance.yahoo.com/news/cramer-shares-thoughts-nokia-intel-140851142.html)

Cramer said he prefers growth, but with Nokia's long-existing foothold in many facets of the telecom industry AND Pekka Lundmark's EXPLICTLY EXPRESSED focus for Nokia's efforts on dominating a specific niches of mobile access:

>‚ÄúWe have a strong position in technologies that are important for critical networks, such as open and virtualized radio access networks and we are on course for a 100% cloud-native software portfolio,‚Äù

We are looking at serious growth within a particular spectrum (spectrum, like frequency spectrum HAHA TELECOM JOKE) and I think it dubious to dismiss Nokia's potential for growth where it *wants* to grow.

**Oh look blue crayons**

Here is a nice, smol-brained visual expression of Nokia‚Äôs 2020 weighted 5G conversion rate so that you fuckwits can grasp what‚Äôs going on.

&#x200B;

[Source: https:\/\/www.nokia.com\/system\/files\/2020-10\/nokia\_results\_2020\_q3.pdf \(pg. 4\)](https://preview.redd.it/73g1gglcjcd61.png?width=627&format=png&auto=webp&s=d71f43fd792c1559a7df369c1c4198252f7697d1)

The dotted square represents all of Nokia‚Äôs existing 4G footprint at the end of 2018 and the dark blue represents where a 5G footprint has been created to replace it. Notice that some dark blue exists outside the dotted square? That‚Äôs all NEW STUFF LOOKIE THERE FELLA UR SO SMART. At the same time, some of the 4G footprint remains because of interest in providing service to..um.. legacy products?

As of the Q3 report, Nokia owns 27% of the 4G + 5G mobile radio market share- excluding the Chinese market for that matter. This hasn't been a company that has lacked resources or experience, but direction and focus; there is a LOT to telecommunications and there are many doors this company can take. It has the connections, money, and focus necessary to achieve these long-term goals that its leaders set. If done right, 2021 won‚Äôt be a year of killer cash flow and revenue, but will establish Nokia with one massive cock.

I know it‚Äôs not exactly flashy/sexy and won‚Äôt see immediate results in the next two or three quarters, but the newly appointed Chief Technical Officer, Nishant ‚ÄúBig Daddy‚Äù Batra knows R&D and knows the ins and outs of Cloud Service Programs. Nokia has some BIG brain boys steering the ship. Let‚Äôs talk about something you troglodytes can follow: money.

&#x200B;

[ Source: https:\/\/www.nokia.com\/system\/files\/2020-10\/nokia\_slides\_2020\_q3.pdf ](https://preview.redd.it/aif0x17jkcd61.png?width=752&format=png&auto=webp&s=5b4650681395aa96124aa6f64772bf42b5a02395)

Net sales, operating profit, and margin are on track for another consistent year albeit *slightly* lower than 2019. This is good news considering that it lost a large north American customer this previous year due to its lackluster 5G footprint WHICH Lundmark (the aforementioned new president of Nokia) has explicitly stated that this will be the primary focus: R&D in tech that will position it as a long-term leader in the 5G space. They can do it too. I‚Äôll dumb it down for you retards:

Boys, this is FISCALLY-DISCIPLINED leadership.

‚ÄúBuT sHoUldN‚ÄôT aLL lEadErShIp bE gOoD wItH mOneY??‚Äù

First, shut the fuck up and let me explain. There was a major dip in share price in 2019 after Nokia announced that it would not be paying dividends for two consecutive quarters. The boomers and gay bears in r/investing didn‚Äôt like the sound of that and decided to sell to really stick it to Nokia, and bought shit like CRUS because MMs told their sheep to.

**Nokia cut dividends temporarily in order to offset the cost of rolling out 5G tech**. [https://www.bloomberg.com/news/articles/2019-10-24/nokia-cuts-earnings-outlook-and-pauses-dividend-to-invest-in-5g](https://www.bloomberg.com/news/articles/2019-10-24/nokia-cuts-earnings-outlook-and-pauses-dividend-to-invest-in-5g)

It was supposed to be a short term biting of the bullet for shareholders in order to see long term benefits, but God forbid people didn‚Äôt get their 19 cent-a-share dividends. There has been open discussion of bringing back dividends within the next couple years if the company sees continued growth in its cash flow, Nokia mentions the possibility of:

>‚Äúan earnings-based growing dividend of approximately 40% to 70% of non-IFRS diluted EPS, taking into account Nokia‚Äôs cash position and expected cash flow generation.‚Äù

*source:* [*https://www.nasdaq.com/articles/buy-nokia-stock-before-the-company-resumes-dividends-2020-10-21*](https://www.nasdaq.com/articles/buy-nokia-stock-before-the-company-resumes-dividends-2020-10-21)

If Nokia officially announces a re-rolling out of dividends, boomers will get  **Rock. Fucking. Hard.** and slurp up shares on the cheap. This is where speculation comes in and is **ultimately why I am posting this shit in WSB.** Nokia has some major competition, minus Huawei in the United States which is a big fucking deal and I‚Äôm amazed how that escapes people considering the recent contracts Nokia secured with the US government. Some of that competition currently has the leg up on Nokia and betting on them is risky, but if Nokia can prove within the next year that it has a plan, we have got some SERIOUS upward potential.

Also, check the options activity on Nokia for the next 2 weeks leading up to its Q4 report. It‚Äôs getting me \~frisky\~

I could further dissect additional strategies associated with Nokia‚Äôs portfolio including what else it has it‚Äôs toes in, but big picture: Nokia will begin to hone in on a specific set of specializations (5G and Cloud-native software services).

Oh and you degenerates aren‚Äôt paying me.

TL;DR Nokia has potential for skyward trajectory with its new leadership.",1Man1Mission,10135,1611523195.0,1864.3504910469055,DD,l47wzb,54,0.91,0.0,0.9912,0.9912,23.159108065242172,47.338,0.6580424075766572,0.6522516343899826
20,Serious question to all of you GME experts,"Ok so basically I am a retard that didn't hop on the GME rocketship, but I still want to help you guys reach orbit. Here's the thing. I have a few thousand bucks on the side that I am willing to lose. I was wondering what's the optimal way to spend them so that GME rises. On the one hand I cancbuy calls with high delta, so MMs have to buy stocks to hedge OR buy puts so they have to short shares to hedge, leaving less shares available to short. This would increase fees and put pressure on shorts triggering an even more massive squeeze. 
Tell me what's the best
Just wanna do my part fellow autists",Pendigan,6801,1611517400.0,7659.555127859116,Discussion,l465vb,62,0.75,-0.7184,0.9495,0.23109999999999997,22.908360302440432,46.826,-0.3789291416275997,-0.08757052463013829
21,And it begins....,,905Vegan,2007,1611521417.0,3642.7563722133636,Discussion,l479i8,38,0.85,0.0,0.0,0.0,17.455291210443043,35.679,0.37892914162759916,0.0
22,Video of what's happening to Shitron's short of GME this week,,Brilliant_Bet,124592,1611501459.0,23601.012330770493,Discussion,l417gp,88,0.9,0.0,0.0,0.0,32.99703595912504,67.447,0.615572206672458,0.0
23,"I‚Äôve been a retard for a while, I don‚Äôt half ass multiple things, I whole ass one. Decent week.",,FLOOFYBITCH,18693,1611508571.0,16489.226232290268,Gain,l43hhn,58,0.91,-0.886,0.0,-0.886,25.128762813600343,51.364,0.6580424075766572,-0.5830255731129182
24,The contraposition of GME,"This is something I‚Äôve been asking myself regarding the current GME situation. To me and seemingly most here, buying big into GME right now is an obvious play and a chance at life changing money, for many reasons that have been outlined extensively on this subreddit. Most of the bear theses I hear is just baseless nonsense (next blockbuster, overvalued, nobody buys games anymore, etc, etc) Is there any legitimate bear theses out there. Why, if this is so obvious to so many retards here, is it not obvious to everyone else? If it‚Äôs so obvious why isn‚Äôt everyone with a dollar to their name jumping on board? Are we actually retarded?

I‚Äôm playing devils advocate here and I‚Äôm sure that will upset some people. Don‚Äôt get me wrong, I believe in the potential here and I see little to no way for shorts to get out of this without giving all their money to us, but I still think it‚Äôs important to ask this question and to try to see the other side. I commented on another post that crazy ideas are always crazy until they work, and then they‚Äôre genius. Maybe this idea is actually crazy to normal people but since we‚Äôre all degenerates it makes perfect sense to us, and only us.",aka_FunkyChicken,2328,1611524678.0,382.4237003326416,Discussion,l48f70,21,0.96,0.0,-0.9351,-0.9351,15.014830342489132,30.691,0.8553876799929501,-0.7998730195614077
25,$UBER 2021 Reopening Trade,"Alright, I believe that UBER is an under appreciated stonk that deserves some more attention, here is why and for you retards who can‚Äôt read see the TLDR at the bottom.

1. Cost structure changes due to the pandemic.

For those paying attention Uber has been in a state of transformation over the past year. The pandemic forced leadership to cut the fat and sell off all the projects that were keeping it from profitability. A recent example is the sale of Blade their chopper service, which while cool as shit.. didn‚Äôt exactly have the right here right now core business of rides and eats in mind. Despite the sale, they still kept a strategic partnership with them for a rainy day if/when this business ‚Äútakes off‚Äù pun intended.

2. Eats is growing at an incredible 135% during the pandemic making it a major contributor to the bottom line and offsetting the rides decline due to the pandemic.

3. The rides/eats combo post pandemic. 

As you all have seen, vaccines are getting out in arms and the virus is soon to be royally fucked which will bring back all the cool shit we used to know and love (concerts, going to a sporting event, house parties, clubs, bars, you name it..) and if you are like me.. no way you are gonna stop ordering your food now that you can click a button and have it show up in under an hour! I mean time is money and I‚Äôll gladly pay an extra $5-10 on my meal to not have to get my ass up and dressed to go somewhere like a clown. 

So, if we keep using eats bc it‚Äôs part of our lifestyle and all the shit we used to do is back.. well Uber is gonna be how we get to and from all those reopened events. Plus, if I were a betting man, and I am, I would bet on pent up demand. 

4. Profitability 

Putting it all together, trimmed fat, increased business in the eats segment and the reopening of rides.. UBER is gonna be profitable in 2021. As a cherry on top, it is also number 1 or 2 in every market they operate in globally with a GIANT TAM (total addressable market).

TLDR: the pandemic has forced Uber to trim the fat. It has also sped up adoption of one of its slower units (prior to the pandemic) Eats, that I do not think is going away. As all the things we love open back up and let us in, Rides, which is already profitable should rebound nicely and drive the company to profits. So, go long! Get LEAPS or straight stonk. Do whatever but make sure you have some UBER exposure in your portfolios for 2021!",samstribling90,112,1611511590.0,13470.637778520584,DD,l44fcf,25,0.71,0.0,0.9466,0.9466,9.632225784889473,19.689,-0.5718060678259768,-0.5412716238040696
26,Buy GME Shares Then Call options,"If you want to profit on the way up for the short squeeze 

invest majority into stocks 
buy calls 
GME üöÄs 
sell calls 
Invest in mostly more stocks 
Invest smaller portion into new highly voltatile OTM Options
squeeze gets more sqouzen
Repeat

BUT DO NOT SELL THE STOCK AND SET YOUR LIMIT PRICES FOR A $1000


Position 152 shares @ $58

Diamond hands Baby üöÄüöÄüöÄüöÄüöÄüöÄüöÄüöÄ

More stock we own = Sweeter Juice for all of us",LebaneseFudge,1884,1611524656.0,404.8369765281677,Discussion,l48ewg,13,0.88,0.296,0.7906,1.0866,12.469395378876557,25.488,0.5265528817336947,0.5721523612918327
27,"Michael Batnick (Ritholtz Wealth Management) - if the Fed is the biggest player in the game, WSB is the fastest",,gravityapple,70039,1611510553.0,14508.045208215714,Discussion,l445jc,22,0.65,0.4939,0.0,0.4939,21.91819540183562,44.802,-0.8176037681770133,-0.4038145011026269
28,NVAX UPDATE üöÄ :: LIFTOFF SOON :: üöÄ,"Fellow NVAX holders, new information has come to light through an 8k filing by NVAX on Friday:

‚Äú‚Äù‚Äù
Between November 10, 2020 and January 20, 2021, the Company sold 3.6 million shares of its common stock resulting in $466.8 million in net proceeds at a weighted average sales price of $131.95 per share pursuant to its At Market Issuance Sales Agreement with the Sales Agent, dated as of November 10, 2020 (the ‚ÄúNovember 2020 Sales Agreement‚Äù), leaving $27.2 million remaining under the November 2020 Sales Agreement as of January 20, 2021. The Company and the Sales Agent terminated the November 2020 Sales Agreement by mutual agreement on the date hereof.
‚Äù‚Äù‚Äù

So the reason we haven‚Äôt seen a run up to data release is because they were selling shares at $132. 

The company also filed for AN ADDITIONAL $500MM ATM offering. 

**************************************************

NVAX has added a supply chain exec and a regulatory exec, refreshed their ATM offering for an additional 500MM. 

News is coming soon. 

The pop may be dampened or may experience a dip on market open when it happens. 

Positions: 02/19 130c, 01/29 150c

üöÄüöÄüöÄüöÄüöÄüöÄüöÄ",MamothMamoth,968,1611508621.0,16444.118266820908,Discussion,l43i6t,6,0.56,0.0,0.9081,0.9081,8.382411880990226,17.134,-1.1361269771988884,-1.0317169079943107
29,This needs to be said: taking GME profit is okay,"I like GME, a lot. 

I was trying to talk about GME back when you smooth brains only wanted to hear about PLTR. 

And you can see from my post history that I thought it was a $70/share company by April regardless of the squeeze, so I think I‚Äôm credible enough in saying this. 

But if you want to take profit now you 100% should. I‚Äôve seen a lot of people make a lot of money, some of it life changing, and it has genuinely made me happy. But that profit has caused perhaps the greatest FOMO in WSB history‚Äîand some manipulative mother fuckers are feeding it. 

GME is not going to $1,000. Stop with that nonsense. That‚Äôs coming from people who get a dramatically better exit when you chase. Could it keep going up? Sure. Is it the best chance you‚Äôre going to see over the next year at its current price? No. 

If you want to let it all ride for a while, let it ride. But watch out for when GME issues more shares. They aren‚Äôt dumb people and that‚Äôs a pretty good signal. 

I‚Äôll close with this. A lot of üåàüêª made insane profits in March during the market collapse. And a lot of them talked themselves into believing it was just the beginning because greed is powerful AF. 

Be nimble. Making money is way better than being convinced you‚Äôre right.",HorlickMinton,6972,1611524898.0,169.2566683292389,Discussion,l48hyy,0,0.36,0.5859,0.9681,1.5539999999999998,0.0,0.0,-1.7365843248428807,-2.6986520408058365
